-- phpMyAdmin SQL Dump
-- version 5.0.4
-- https://www.phpmyadmin.net/
--
-- Host: 127.0.0.1
-- Waktu pembuatan: 14 Okt 2021 pada 04.02
-- Versi server: 10.4.17-MariaDB
-- Versi PHP: 7.4.13

SET SQL_MODE = "NO_AUTO_VALUE_ON_ZERO";
START TRANSACTION;
SET time_zone = "+00:00";


/*!40101 SET @OLD_CHARACTER_SET_CLIENT=@@CHARACTER_SET_CLIENT */;
/*!40101 SET @OLD_CHARACTER_SET_RESULTS=@@CHARACTER_SET_RESULTS */;
/*!40101 SET @OLD_COLLATION_CONNECTION=@@COLLATION_CONNECTION */;
/*!40101 SET NAMES utf8mb4 */;

--
-- Database: `elaundry`
--

-- --------------------------------------------------------

--
-- Struktur dari tabel `items`
--

CREATE TABLE `items` (
  `id` int(11) NOT NULL,
  `serviceId` int(11) NOT NULL,
  `namaItem` varchar(50) NOT NULL,
  `hargaS` int(11) DEFAULT NULL,
  `hargaM` int(11) DEFAULT NULL,
  `hargaL` int(11) DEFAULT NULL,
  `hargaKg` int(11) DEFAULT NULL,
  `CreateDate` datetime NOT NULL DEFAULT current_timestamp()
) ENGINE=InnoDB DEFAULT CHARSET=utf8mb4;

--
-- Dumping data untuk tabel `items`
--

INSERT INTO `items` (`id`, `serviceId`, `namaItem`, `hargaS`, `hargaM`, `hargaL`, `hargaKg`, `CreateDate`) VALUES
(1, 27, 'Cuci Kering', NULL, NULL, NULL, 2500, '2021-10-13 01:57:41'),
(2, 28, 'Sprei', 7500, 12000, 17000, NULL, '2021-10-13 01:57:41'),
(3, 27, 'Cuci Setrika', NULL, NULL, NULL, 2250, '2021-10-13 01:57:41'),
(4, 27, 'Cuci Basah', NULL, NULL, NULL, 2000, '2021-10-13 01:57:41');

-- --------------------------------------------------------

--
-- Struktur dari tabel `metodebayar`
--

CREATE TABLE `metodebayar` (
  `id` int(11) NOT NULL,
  `namaMetode` varchar(50) NOT NULL
) ENGINE=InnoDB DEFAULT CHARSET=utf8mb4;

--
-- Dumping data untuk tabel `metodebayar`
--

INSERT INTO `metodebayar` (`id`, `namaMetode`) VALUES
(1, 'COD');

-- --------------------------------------------------------

--
-- Struktur dari tabel `orders`
--

CREATE TABLE `orders` (
  `Id` int(11) NOT NULL,
  `IdOrders` varchar(50) NOT NULL DEFAULT '',
  `Status` int(11) DEFAULT NULL,
  `usersId` int(11) NOT NULL,
  `totalbayar` varchar(25) DEFAULT NULL,
  `metodeBayarId` varchar(11) NOT NULL,
  `timestamp` timestamp NOT NULL DEFAULT current_timestamp()
) ENGINE=InnoDB DEFAULT CHARSET=utf8mb4;

--
-- Dumping data untuk tabel `orders`
--

INSERT INTO `orders` (`Id`, `IdOrders`, `Status`, `usersId`, `totalbayar`, `metodeBayarId`, `timestamp`) VALUES
(18, '423424', 1, 7, NULL, '', '2021-10-12 10:30:46'),
(19, '23232', 1, 7, NULL, '', '2021-10-12 10:30:46'),
(20, '9975144785', 1, 7, NULL, '', '2021-10-12 10:30:46'),
(21, '2686142154', 1, 7, NULL, '', '2021-10-12 10:30:46'),
(22, 'BOD7602975150', 1, 7, NULL, '', '2021-10-12 10:51:11'),
(23, 'BOD9503726444', 1, 7, NULL, '', '2021-10-12 10:59:50'),
(24, 'BOD6933664710', 1, 7, NULL, '', '2021-10-12 11:35:58'),
(25, 'BOD7292328223', 1, 7, NULL, '', '2021-10-12 11:37:39'),
(26, 'BOD9513144122', 1, 7, NULL, '', '2021-10-12 11:38:33'),
(27, 'BOD3504136687', 1, 7, NULL, '', '2021-10-12 11:39:47'),
(28, 'BOD2691458195', 1, 7, NULL, '', '2021-10-12 11:43:16'),
(29, 'BOD4444875897', 1, 7, NULL, '', '2021-10-12 11:54:13'),
(30, 'BOD9363153443', 1, 7, NULL, '', '2021-10-12 12:08:41'),
(31, 'BOD2587018967', 1, 7, '67800', '', '2021-10-12 12:12:56'),
(32, 'BOD3260186420', 1, 7, NULL, '', '2021-10-12 14:26:27'),
(33, 'BOD6822158218', 1, 7, NULL, '', '2021-10-12 14:35:07'),
(34, 'BOD3148973923', 1, 7, NULL, '', '2021-10-12 14:41:40'),
(35, 'BOD0849788506', 1, 7, NULL, '', '2021-10-12 14:43:25'),
(36, 'BOD3984746587', 1, 7, '514800', '', '2021-10-12 14:46:06'),
(37, 'BOD6792869723', 1, 7, NULL, '', '2021-10-12 14:51:19'),
(38, 'BOD3703137438', 1, 7, NULL, '', '2021-10-12 14:52:20'),
(39, 'BOD9430210294', 1, 7, NULL, '', '2021-10-12 14:53:29'),
(40, 'BOD1543019007', 1, 7, NULL, '', '2021-10-12 14:55:21'),
(41, 'BOD0156333782', 1, 7, NULL, '', '2021-10-12 15:01:40'),
(42, 'BOD5929127615', 1, 7, NULL, '', '2021-10-12 15:02:18'),
(43, 'BOD8360488759', 1, 7, NULL, '', '2021-10-12 15:03:04'),
(44, 'BOD4680752340', 1, 7, NULL, '', '2021-10-12 17:22:54'),
(45, 'BOD0444553212', 1, 7, NULL, '', '2021-10-12 17:27:19'),
(46, 'BOD4935478243', 1, 7, NULL, '', '2021-10-12 17:28:40'),
(47, 'BOD9803355400', 1, 7, NULL, '', '2021-10-12 17:30:45'),
(48, 'BOD0301173708', 1, 7, NULL, '', '2021-10-12 17:38:47'),
(49, 'BOD0555995439', 1, 7, NULL, '', '2021-10-12 17:42:28'),
(50, 'BOD3628449442', 1, 7, NULL, '', '2021-10-12 18:19:06'),
(51, 'BOD1165253268', 1, 7, NULL, '', '2021-10-12 18:20:25'),
(52, 'BOD3768917034', 1, 7, NULL, '', '2021-10-12 18:26:50'),
(53, 'BOD0722587776', 1, 7, NULL, '', '2021-10-12 18:27:41'),
(54, 'BOD4634368716', 1, 7, NULL, '', '2021-10-12 18:28:57'),
(55, 'BOD1215098452', 1, 7, NULL, '', '2021-10-12 18:30:39'),
(56, 'BOD3209021582', 1, 7, NULL, '', '2021-10-12 18:31:28'),
(57, 'BOD5291420270', 1, 7, NULL, '', '2021-10-12 18:32:59'),
(58, 'BOD2114938759', 1, 7, NULL, '', '2021-10-12 18:33:34'),
(59, 'BOD6433748870', 1, 7, '46800', '', '2021-10-12 18:34:57'),
(60, 'BOD2152755192', 1, 7, NULL, '', '2021-10-12 19:15:24'),
(61, 'BOD8613182911', 1, 7, NULL, '', '2021-10-13 09:18:24'),
(62, 'BOD9630937656', 1, 7, NULL, '', '2021-10-13 10:54:12'),
(63, 'BOD6011927901', 2, 7, '28800', '', '2021-10-13 11:03:09'),
(64, 'BOD0450620026', 1, 7, NULL, '', '2021-10-13 11:35:01'),
(65, 'BOD1294370774', 1, 7, NULL, '', '2021-10-13 11:52:02'),
(66, 'BOD8015283476', 2, 7, '10800', '1', '2021-10-13 12:18:26'),
(67, 'BOD7940985837', 2, 7, '0', '1', '2021-10-13 13:16:20'),
(68, 'BOD6372570148', 1, 7, NULL, '', '2021-10-13 13:33:22'),
(69, 'BOD4208646185', 1, 7, NULL, '', '2021-10-13 14:37:50'),
(70, 'BOD7234663056', 1, 7, NULL, '', '2021-10-13 14:55:51'),
(71, 'BOD5568567550', 2, 7, '46800', '1', '2021-10-13 15:24:37'),
(72, 'BOD3262647297', 2, 7, '64800', '1', '2021-10-13 15:51:12'),
(73, 'BOD6545984154', 2, 7, '87600', '1', '2021-10-13 16:07:31'),
(74, 'BOD7876228869', 2, 7, '36000', '1', '2021-10-14 01:49:52'),
(75, 'BOD4726730268', 2, 7, '36000', '1', '2021-10-14 01:54:07');

-- --------------------------------------------------------

--
-- Struktur dari tabel `orders_log`
--

CREATE TABLE `orders_log` (
  `id` int(11) NOT NULL,
  `usersId` int(11) NOT NULL,
  `ordersId` varchar(25) NOT NULL,
  `itemsId` int(11) NOT NULL,
  `ket` varchar(11) NOT NULL,
  `quantity` bigint(25) NOT NULL,
  `tprice` bigint(25) NOT NULL,
  `status_logId` int(11) NOT NULL,
  `timestamp` timestamp NOT NULL DEFAULT current_timestamp()
) ENGINE=InnoDB DEFAULT CHARSET=utf8mb4;

--
-- Dumping data untuk tabel `orders_log`
--

INSERT INTO `orders_log` (`id`, `usersId`, `ordersId`, `itemsId`, `ket`, `quantity`, `tprice`, `status_logId`, `timestamp`) VALUES
(5, 7, '2147483647', 1, 'Kg', 21, 52500, 1, '2021-10-12 11:35:59'),
(6, 7, '2147483647', 4, 'Kg', 22, 44000, 1, '2021-10-12 11:36:00'),
(7, 7, '2147483647', 2, 'S', 3, 22500, 1, '2021-10-12 11:36:00'),
(8, 7, '2147483647', 2, 'M', 3, 36000, 1, '2021-10-12 11:36:01'),
(9, 7, '2147483647', 1, 'Kg', 12, 30000, 1, '2021-10-12 11:37:39'),
(10, 7, '2147483647', 4, 'Kg', 1, 2000, 1, '2021-10-12 11:37:39'),
(11, 7, '2147483647', 2, 'S', 2, 15000, 1, '2021-10-12 11:37:39'),
(12, 7, '2147483647', 2, 'L', 2, 34000, 1, '2021-10-12 11:37:39'),
(13, 7, '9513144122', 3, 'Kg', 22, 49500, 1, '2021-10-12 11:38:34'),
(14, 7, '9513144122', 4, 'Kg', 23, 46000, 1, '2021-10-12 11:38:34'),
(15, 7, '9513144122', 2, 'S', 2, 15000, 1, '2021-10-12 11:38:34'),
(16, 7, '9513144122', 2, 'M', 2, 24000, 1, '2021-10-12 11:38:34'),
(17, 7, 'BOD3504136687', 1, 'Kg', 2, 5000, 1, '2021-10-12 11:39:47'),
(18, 7, 'BOD3504136687', 3, 'Kg', 2, 4500, 1, '2021-10-12 11:39:47'),
(19, 7, 'BOD3504136687', 4, 'Kg', 22, 44000, 1, '2021-10-12 11:39:47'),
(20, 7, 'BOD3504136687', 2, 'S', 2, 15000, 1, '2021-10-12 11:39:47'),
(21, 7, 'BOD3504136687', 2, 'M', 2, 24000, 1, '2021-10-12 11:39:48'),
(22, 7, 'BOD2691458195', 3, 'Kg', 2, 4500, 1, '2021-10-12 11:43:17'),
(23, 7, 'BOD2691458195', 4, 'Kg', 21, 42000, 1, '2021-10-12 11:43:17'),
(24, 7, 'BOD2691458195', 2, 'S', 2, 15000, 1, '2021-10-12 11:43:17'),
(25, 7, 'BOD2691458195', 2, 'M', 2, 24000, 1, '2021-10-12 11:43:17'),
(26, 7, 'BOD4444875897', 1, 'Kg', 21, 52500, 1, '2021-10-12 11:54:13'),
(27, 7, 'BOD4444875897', 4, 'Kg', 22, 44000, 1, '2021-10-12 11:54:15'),
(28, 7, 'BOD9363153443', 1, 'Kg', 21, 52500, 1, '2021-10-12 12:08:41'),
(29, 7, 'BOD9363153443', 4, 'Kg', 22, 44000, 1, '2021-10-12 12:08:41'),
(30, 7, 'BOD2587018967', 1, 'Kg', 21, 52500, 1, '2021-10-12 12:12:57'),
(31, 7, 'BOD2587018967', 4, 'Kg', 2, 4000, 1, '2021-10-12 12:12:58'),
(32, 7, 'BOD3260186420', 1, 'Kg', 22, 55000, 1, '2021-10-12 14:26:28'),
(33, 7, 'BOD3260186420', 2, 'S', 21, 157500, 1, '2021-10-12 14:26:29'),
(34, 7, 'BOD6822158218', 1, 'Kg', 12, 30000, 1, '2021-10-12 14:35:07'),
(35, 7, 'BOD6822158218', 4, 'Kg', 22, 44000, 1, '2021-10-12 14:35:07'),
(36, 7, 'BOD3148973923', 1, 'Kg', 21, 52500, 1, '2021-10-12 14:41:40'),
(37, 7, 'BOD3148973923', 4, 'Kg', 22, 44000, 1, '2021-10-12 14:41:40'),
(38, 7, 'BOD0849788506', 1, 'Kg', 22, 55000, 1, '2021-10-12 14:43:25'),
(39, 7, 'BOD0849788506', 4, 'Kg', 22, 44000, 1, '2021-10-12 14:43:25'),
(40, 7, 'BOD3984746587', 2, 'S', 22, 165000, 1, '2021-10-12 14:46:06'),
(41, 7, 'BOD3984746587', 2, 'M', 22, 264000, 1, '2021-10-12 14:46:07'),
(42, 7, 'BOD6792869723', 1, 'Kg', 12, 30000, 1, '2021-10-12 14:51:19'),
(43, 7, 'BOD6792869723', 2, 'S', 2, 15000, 1, '2021-10-12 14:51:20'),
(44, 7, 'BOD3703137438', 2, 'S', 2, 15000, 1, '2021-10-12 14:52:21'),
(45, 7, 'BOD3703137438', 2, 'M', 22, 264000, 1, '2021-10-12 14:52:21'),
(46, 7, 'BOD9430210294', 1, 'Kg', 12, 30000, 1, '2021-10-12 14:53:30'),
(47, 7, 'BOD9430210294', 4, 'Kg', 12, 24000, 1, '2021-10-12 14:53:30'),
(48, 7, 'BOD1543019007', 2, 'S', 12, 90000, 1, '2021-10-12 14:55:21'),
(49, 7, 'BOD1543019007', 2, 'M', 12, 144000, 1, '2021-10-12 14:55:21'),
(50, 7, 'BOD0156333782', 2, 'S', 12, 90000, 1, '2021-10-12 15:01:40'),
(51, 7, 'BOD0156333782', 2, 'M', 22, 264000, 1, '2021-10-12 15:01:40'),
(52, 7, 'BOD5929127615', 2, 'S', 7, 52500, 1, '2021-10-12 15:02:19'),
(53, 7, 'BOD8360488759', 2, 'S', 12, 90000, 1, '2021-10-12 15:03:04'),
(54, 7, 'BOD8360488759', 2, 'M', 2, 24000, 1, '2021-10-12 15:03:05'),
(55, 7, 'BOD0444553212', 1, 'Kg', 2, 5000, 1, '2021-10-12 17:27:20'),
(56, 7, 'BOD0444553212', 4, 'Kg', 2, 4000, 1, '2021-10-12 17:27:20'),
(57, 7, 'BOD9803355400', 2, 'S', 23, 172500, 1, '2021-10-12 17:30:46'),
(58, 7, 'BOD9803355400', 2, 'M', 3, 36000, 1, '2021-10-12 17:30:46'),
(59, 7, 'BOD0301173708', 2, 'S', 22, 165000, 1, '2021-10-12 17:38:47'),
(60, 7, 'BOD0301173708', 2, 'M', 22, 264000, 1, '2021-10-12 17:38:47'),
(61, 7, 'BOD0555995439', 2, 'S', 2, 15000, 1, '2021-10-12 17:42:28'),
(62, 7, 'BOD0555995439', 2, 'M', 2, 24000, 1, '2021-10-12 17:42:28'),
(63, 7, 'BOD5291420270', 1, 'Kg', 1, 2500, 1, '2021-10-12 18:32:59'),
(64, 7, 'BOD5291420270', 4, 'Kg', 2, 4000, 1, '2021-10-12 18:32:59'),
(65, 7, 'BOD2114938759', 1, 'Kg', 12, 30000, 1, '2021-10-12 18:33:35'),
(66, 7, 'BOD2114938759', 3, 'Kg', 22, 49500, 1, '2021-10-12 18:33:35'),
(67, 7, 'BOD2114938759', 4, 'Kg', 2, 4000, 1, '2021-10-12 18:33:35'),
(68, 7, 'BOD6433748870', 2, 'S', 2, 15000, 1, '2021-10-12 18:34:57'),
(69, 7, 'BOD6433748870', 2, 'M', 2, 24000, 1, '2021-10-12 18:34:57'),
(70, 7, 'BOD2152755192', 1, 'Kg', 22, 55000, 2, '2021-10-12 19:15:24'),
(71, 7, 'BOD2152755192', 2, 'S', 2, 15000, 1, '2021-10-12 19:15:24'),
(72, 7, 'BOD2152755192', 2, 'M', 2, 24000, 1, '2021-10-12 19:15:25'),
(73, 7, 'BOD8613182911', 2, 'S', 3, 22500, 1, '2021-10-13 09:18:24'),
(74, 7, 'BOD8613182911', 2, 'M', 3, 36000, 1, '2021-10-13 09:18:24'),
(75, 7, 'BOD9630937656', 2, 'S', 2, 15000, 1, '2021-10-13 10:54:13'),
(76, 7, 'BOD9630937656', 2, 'M', 2, 24000, 1, '2021-10-13 10:54:13'),
(77, 7, 'BOD9630937656', 2, 'L', 2, 34000, 1, '2021-10-13 10:54:13'),
(78, 7, 'BOD6011927901', 2, 'S', 2, 15000, 2, '2021-10-13 11:03:09'),
(79, 7, 'BOD6011927901', 2, 'M', 2, 24000, 1, '2021-10-13 11:03:10'),
(80, 7, 'BOD0450620026', 1, 'Kg', 2, 5000, 2, '2021-10-13 11:35:02'),
(81, 7, 'BOD0450620026', 3, 'Kg', 2, 4500, 2, '2021-10-13 11:35:02'),
(82, 7, 'BOD0450620026', 4, 'Kg', 2, 4000, 2, '2021-10-13 11:35:03'),
(83, 7, 'BOD0450620026', 2, 'S', 2, 15000, 2, '2021-10-13 11:35:04'),
(84, 7, 'BOD0450620026', 2, 'M', 2, 24000, 2, '2021-10-13 11:35:04'),
(85, 7, 'BOD0450620026', 2, 'L', 2, 34000, 1, '2021-10-13 11:35:04'),
(86, 7, 'BOD1294370774', 2, 'S', 2, 15000, 1, '2021-10-13 11:52:02'),
(87, 7, 'BOD1294370774', 2, 'M', 2, 24000, 1, '2021-10-13 11:52:02'),
(88, 7, 'BOD1294370774', 2, 'L', 2, 34000, 1, '2021-10-13 11:52:02'),
(89, 7, 'BOD8015283476', 1, 'Kg', 2, 5000, 1, '2021-10-13 12:18:29'),
(90, 7, 'BOD8015283476', 4, 'Kg', 2, 4000, 1, '2021-10-13 12:18:29'),
(91, 7, 'BOD8015283476', 2, 'S', 2, 15000, 2, '2021-10-13 12:18:29'),
(92, 7, 'BOD7940985837', 2, 'S', 21, 157500, 1, '2021-10-13 13:16:20'),
(93, 7, 'BOD7940985837', 2, 'M', 2, 24000, 1, '2021-10-13 13:16:20'),
(94, 7, 'BOD6372570148', 1, 'Kg', 2, 5000, 1, '2021-10-13 13:33:22'),
(95, 7, 'BOD6372570148', 3, 'Kg', 2, 4500, 1, '2021-10-13 13:33:22'),
(96, 7, 'BOD6372570148', 4, 'Kg', 2, 4000, 1, '2021-10-13 13:33:22'),
(97, 7, 'BOD6372570148', 2, 'S', 2, 15000, 1, '2021-10-13 13:33:22'),
(98, 7, 'BOD6372570148', 2, 'M', 2, 24000, 1, '2021-10-13 13:33:22'),
(99, 7, 'BOD6372570148', 1, 'Kg', 2, 5000, 2, '2021-10-13 13:54:55'),
(100, 7, 'BOD6372570148', 3, 'Kg', 2, 4500, 2, '2021-10-13 13:54:55'),
(101, 7, 'BOD6372570148', 4, 'Kg', 2, 4000, 2, '2021-10-13 13:54:55'),
(102, 7, 'BOD6372570148', 2, 'S', 2, 15000, 2, '2021-10-13 13:54:55'),
(103, 7, 'BOD6372570148', 2, 'M', 2, 24000, 2, '2021-10-13 13:54:55'),
(104, 7, 'BOD4208646185', 1, 'Kg', 3, 7500, 1, '2021-10-13 14:37:50'),
(105, 7, 'BOD4208646185', 4, 'Kg', 3, 6000, 1, '2021-10-13 14:37:51'),
(106, 7, 'BOD4208646185', 2, 'S', 3, 22500, 1, '2021-10-13 14:37:52'),
(107, 7, 'BOD4208646185', 1, 'Kg', 3, 7500, 2, '2021-10-13 14:38:07'),
(108, 7, 'BOD4208646185', 4, 'Kg', 3, 6000, 2, '2021-10-13 14:38:08'),
(109, 7, 'BOD4208646185', 2, 'S', 3, 22500, 2, '2021-10-13 14:38:08'),
(110, 7, 'BOD7234663056', 1, 'Kg', 22, 55000, 1, '2021-10-13 14:55:51'),
(111, 7, 'BOD7234663056', 4, 'Kg', 2, 4000, 1, '2021-10-13 14:55:51'),
(112, 7, 'BOD7234663056', 2, 'S', 2, 15000, 1, '2021-10-13 14:55:51'),
(113, 7, 'BOD7234663056', 2, 'M', 2, 24000, 2, '2021-10-13 14:55:53'),
(114, 7, 'BOD7234663056', 1, 'Kg', 22, 55000, 2, '2021-10-13 15:17:02'),
(115, 7, 'BOD7234663056', 4, 'Kg', 2, 4000, 2, '2021-10-13 15:17:02'),
(116, 7, 'BOD7234663056', 2, 'S', 2, 15000, 2, '2021-10-13 15:17:02'),
(117, 7, 'BOD7234663056', 1, 'Kg', 22, 55000, 2, '2021-10-13 15:17:11'),
(118, 7, 'BOD7234663056', 4, 'Kg', 2, 4000, 2, '2021-10-13 15:17:12'),
(119, 7, 'BOD7234663056', 2, 'S', 2, 15000, 2, '2021-10-13 15:17:12'),
(120, 7, 'BOD5568567550', 1, 'Kg', 2, 5000, 2, '2021-10-13 15:24:38'),
(121, 7, 'BOD5568567550', 4, 'Kg', 2, 4000, 2, '2021-10-13 15:24:40'),
(122, 7, 'BOD5568567550', 2, 'S', 2, 15000, 1, '2021-10-13 15:24:42'),
(123, 7, 'BOD5568567550', 2, 'M', 2, 24000, 1, '2021-10-13 15:24:43'),
(124, 7, 'BOD5568567550', 1, 'Kg', 2, 5000, 2, '2021-10-13 15:25:45'),
(125, 7, 'BOD5568567550', 2, 'S', 2, 15000, 2, '2021-10-13 15:25:46'),
(126, 7, 'BOD5568567550', 2, 'M', 2, 24000, 2, '2021-10-13 15:25:46'),
(127, 7, 'BOD5568567550', 2, 'S', 2, 15000, 2, '2021-10-13 15:26:17'),
(128, 7, 'BOD5568567550', 2, 'M', 2, 24000, 2, '2021-10-13 15:26:17'),
(129, 7, 'BOD5568567550', 2, 'S', 2, 15000, 2, '2021-10-13 15:29:59'),
(130, 7, 'BOD5568567550', 2, 'M', 2, 24000, 2, '2021-10-13 15:29:59'),
(131, 7, 'BOD5568567550', 2, 'S', 2, 15000, 2, '2021-10-13 15:30:55'),
(132, 7, 'BOD5568567550', 2, 'M', 2, 24000, 2, '2021-10-13 15:30:55'),
(133, 7, 'BOD5568567550', 2, 'S', 2, 15000, 2, '2021-10-13 15:31:22'),
(134, 7, 'BOD5568567550', 2, 'M', 2, 24000, 2, '2021-10-13 15:31:22'),
(135, 7, 'BOD5568567550', 2, 'S', 2, 15000, 2, '2021-10-13 15:31:50'),
(136, 7, 'BOD5568567550', 2, 'M', 2, 24000, 2, '2021-10-13 15:31:50'),
(137, 7, 'BOD5568567550', 2, 'S', 2, 15000, 2, '2021-10-13 15:32:04'),
(138, 7, 'BOD5568567550', 2, 'M', 2, 24000, 2, '2021-10-13 15:32:04'),
(139, 7, 'BOD5568567550', 2, 'S', 2, 15000, 2, '2021-10-13 15:35:01'),
(140, 7, 'BOD5568567550', 2, 'M', 2, 24000, 2, '2021-10-13 15:35:01'),
(141, 7, 'BOD3262647297', 1, 'Kg', 2, 5000, 1, '2021-10-13 15:51:12'),
(142, 7, 'BOD3262647297', 3, 'Kg', 2, 4500, 7, '2021-10-13 15:51:12'),
(143, 7, 'BOD3262647297', 4, 'Kg', 2, 4000, 7, '2021-10-13 15:51:13'),
(144, 7, 'BOD3262647297', 2, 'S', 2, 15000, 1, '2021-10-13 15:51:14'),
(145, 7, 'BOD3262647297', 2, 'L', 2, 34000, 1, '2021-10-13 15:51:15'),
(146, 7, 'BOD3262647297', 1, 'Kg', 2, 5000, 2, '2021-10-13 15:51:21'),
(147, 7, 'BOD3262647297', 3, 'Kg', 2, 4500, 2, '2021-10-13 15:51:21'),
(148, 7, 'BOD3262647297', 4, 'Kg', 2, 4000, 2, '2021-10-13 15:51:21'),
(149, 7, 'BOD3262647297', 2, 'S', 2, 15000, 2, '2021-10-13 15:51:21'),
(150, 7, 'BOD3262647297', 2, 'L', 2, 34000, 2, '2021-10-13 15:51:22'),
(151, 7, 'BOD3262647297', 1, 'Kg', 2, 5000, 2, '2021-10-13 15:51:38'),
(152, 7, 'BOD3262647297', 3, 'Kg', 2, 4500, 2, '2021-10-13 15:51:39'),
(153, 7, 'BOD3262647297', 2, 'S', 2, 15000, 2, '2021-10-13 15:51:40'),
(154, 7, 'BOD3262647297', 2, 'L', 2, 34000, 2, '2021-10-13 15:51:40'),
(155, 7, 'BOD3262647297', 1, 'Kg', 2, 5000, 2, '2021-10-13 15:51:41'),
(156, 7, 'BOD3262647297', 2, 'S', 2, 15000, 2, '2021-10-13 15:51:41'),
(157, 7, 'BOD3262647297', 2, 'L', 2, 34000, 2, '2021-10-13 15:51:41'),
(158, 7, 'BOD6545984154', 2, 'S', 2, 15000, 1, '2021-10-13 16:07:31'),
(159, 7, 'BOD6545984154', 2, 'M', 2, 24000, 1, '2021-10-13 16:07:31'),
(160, 7, 'BOD6545984154', 2, 'L', 2, 34000, 1, '2021-10-13 16:07:31'),
(161, 7, 'BOD6545984154', 2, 'S', 2, 15000, 2, '2021-10-13 16:07:45'),
(162, 7, 'BOD6545984154', 2, 'M', 2, 24000, 2, '2021-10-13 16:07:45'),
(163, 7, 'BOD6545984154', 2, 'L', 2, 34000, 2, '2021-10-13 16:07:45'),
(164, 7, 'BOD7876228869', 1, 'Kg', 12, 30000, 1, '2021-10-14 01:49:52'),
(165, 7, 'BOD7876228869', 3, 'Kg', 1, 2250, 7, '2021-10-14 01:49:52'),
(166, 7, 'BOD7876228869', 1, 'Kg', 12, 30000, 2, '2021-10-14 01:50:00'),
(167, 7, 'BOD7876228869', 3, 'Kg', 1, 2250, 2, '2021-10-14 01:50:01'),
(168, 7, 'BOD7876228869', 1, 'Kg', 12, 30000, 2, '2021-10-14 01:50:05'),
(169, 7, 'BOD4726730268', 1, 'Kg', 12, 30000, 1, '2021-10-14 01:54:07'),
(170, 7, 'BOD4726730268', 1, 'Kg', 12, 30000, 2, '2021-10-14 01:54:16');

-- --------------------------------------------------------

--
-- Struktur dari tabel `services`
--

CREATE TABLE `services` (
  `Id` int(11) NOT NULL,
  `ServiceName` varchar(50) DEFAULT NULL,
  `CreateDate` datetime NOT NULL DEFAULT current_timestamp()
) ENGINE=InnoDB DEFAULT CHARSET=utf8mb4;

--
-- Dumping data untuk tabel `services`
--

INSERT INTO `services` (`Id`, `ServiceName`, `CreateDate`) VALUES
(27, 'Kiloan', '2021-10-13 01:58:20'),
(28, 'Satuan', '2021-10-13 01:58:20');

-- --------------------------------------------------------

--
-- Struktur dari tabel `status_log`
--

CREATE TABLE `status_log` (
  `id` int(11) NOT NULL,
  `status_log` varchar(25) NOT NULL,
  `CreateDate` datetime NOT NULL DEFAULT current_timestamp()
) ENGINE=InnoDB DEFAULT CHARSET=utf8mb4;

--
-- Dumping data untuk tabel `status_log`
--

INSERT INTO `status_log` (`id`, `status_log`, `CreateDate`) VALUES
(1, 'Dikeranjang', '2021-10-13 01:58:39'),
(2, 'Terorder', '2021-10-13 01:58:39'),
(3, 'Dalam Antrian', '2021-10-13 01:58:39'),
(4, 'Proses Pencucian', '2021-10-13 01:58:39'),
(5, 'Proses Pengeringan', '2021-10-13 01:58:39'),
(6, 'Selesai', '2021-10-13 01:58:39'),
(7, 'Di Cancel', '2021-10-13 01:58:39'),
(8, 'Rusak', '2021-10-13 01:58:39'),
(9, 'Lainnya', '2021-10-13 01:58:39');

-- --------------------------------------------------------

--
-- Struktur dari tabel `status_orders`
--

CREATE TABLE `status_orders` (
  `Id` int(11) NOT NULL,
  `NamaStatus` varchar(50) NOT NULL,
  `CreateDate` datetime NOT NULL DEFAULT current_timestamp()
) ENGINE=InnoDB DEFAULT CHARSET=utf8mb4;

--
-- Dumping data untuk tabel `status_orders`
--

INSERT INTO `status_orders` (`Id`, `NamaStatus`, `CreateDate`) VALUES
(1, 'In Basket', '2021-10-13 01:58:55'),
(2, 'Order Accpeted', '2021-10-13 01:58:55'),
(3, 'In Queue', '2021-10-13 01:58:55'),
(4, 'In Progess', '2021-10-13 01:58:55'),
(5, 'Finished', '2021-10-13 01:58:55'),
(6, 'Delivering', '2021-10-13 01:58:55'),
(7, 'Canceled', '2021-10-13 01:58:55'),
(8, 'Broken', '2021-10-13 01:58:55'),
(9, 'Etcetera', '2021-10-13 01:58:55');

-- --------------------------------------------------------

--
-- Struktur dari tabel `users`
--

CREATE TABLE `users` (
  `ID` int(11) NOT NULL,
  `USERNAME` varchar(100) DEFAULT NULL,
  `EMAIL` varchar(100) DEFAULT NULL,
  `NOMORTELEPON` varchar(16) DEFAULT NULL,
  `NAMALENGKAP` varchar(100) DEFAULT NULL,
  `KODEPOS` varchar(6) DEFAULT NULL,
  `ALAMAT` text DEFAULT NULL,
  `ROLE` varchar(100) DEFAULT NULL,
  `PASS` varchar(100) DEFAULT NULL,
  `CreateDate` datetime NOT NULL DEFAULT current_timestamp()
) ENGINE=InnoDB DEFAULT CHARSET=utf8mb4;

--
-- Dumping data untuk tabel `users`
--

INSERT INTO `users` (`ID`, `USERNAME`, `EMAIL`, `NOMORTELEPON`, `NAMALENGKAP`, `KODEPOS`, `ALAMAT`, `ROLE`, `PASS`, `CreateDate`) VALUES
(1, 'admin', 'admin@gmail.com', NULL, NULL, NULL, NULL, 'ADMIN', 'admin', '2021-10-13 01:59:12'),
(2, 'user', 'user', NULL, NULL, NULL, NULL, 'USER', 'user', '2021-10-13 01:59:12'),
(7, NULL, 'ekky.mulialasardi@gmail.com', '087884116725', 'Ekky Mulia Lasardi', '16415', 'Villa Pertiwi Depok', 'USER', '512d70013f768a1d04ae3387c7194710d9ff1e1eaf9b9fd0403f933a0ae7b434', '2021-10-13 01:59:12');

--
-- Indexes for dumped tables
--

--
-- Indeks untuk tabel `items`
--
ALTER TABLE `items`
  ADD PRIMARY KEY (`id`);

--
-- Indeks untuk tabel `metodebayar`
--
ALTER TABLE `metodebayar`
  ADD PRIMARY KEY (`id`);

--
-- Indeks untuk tabel `orders`
--
ALTER TABLE `orders`
  ADD PRIMARY KEY (`Id`);

--
-- Indeks untuk tabel `orders_log`
--
ALTER TABLE `orders_log`
  ADD PRIMARY KEY (`id`);

--
-- Indeks untuk tabel `services`
--
ALTER TABLE `services`
  ADD PRIMARY KEY (`Id`);

--
-- Indeks untuk tabel `status_log`
--
ALTER TABLE `status_log`
  ADD PRIMARY KEY (`id`);

--
-- Indeks untuk tabel `status_orders`
--
ALTER TABLE `status_orders`
  ADD PRIMARY KEY (`Id`);

--
-- Indeks untuk tabel `users`
--
ALTER TABLE `users`
  ADD PRIMARY KEY (`ID`);

--
-- AUTO_INCREMENT untuk tabel yang dibuang
--

--
-- AUTO_INCREMENT untuk tabel `items`
--
ALTER TABLE `items`
  MODIFY `id` int(11) NOT NULL AUTO_INCREMENT, AUTO_INCREMENT=5;

--
-- AUTO_INCREMENT untuk tabel `metodebayar`
--
ALTER TABLE `metodebayar`
  MODIFY `id` int(11) NOT NULL AUTO_INCREMENT, AUTO_INCREMENT=2;

--
-- AUTO_INCREMENT untuk tabel `orders`
--
ALTER TABLE `orders`
  MODIFY `Id` int(11) NOT NULL AUTO_INCREMENT, AUTO_INCREMENT=76;

--
-- AUTO_INCREMENT untuk tabel `orders_log`
--
ALTER TABLE `orders_log`
  MODIFY `id` int(11) NOT NULL AUTO_INCREMENT, AUTO_INCREMENT=171;

--
-- AUTO_INCREMENT untuk tabel `services`
--
ALTER TABLE `services`
  MODIFY `Id` int(11) NOT NULL AUTO_INCREMENT, AUTO_INCREMENT=29;

--
-- AUTO_INCREMENT untuk tabel `status_log`
--
ALTER TABLE `status_log`
  MODIFY `id` int(11) NOT NULL AUTO_INCREMENT, AUTO_INCREMENT=10;

--
-- AUTO_INCREMENT untuk tabel `status_orders`
--
ALTER TABLE `status_orders`
  MODIFY `Id` int(11) NOT NULL AUTO_INCREMENT, AUTO_INCREMENT=10;

--
-- AUTO_INCREMENT untuk tabel `users`
--
ALTER TABLE `users`
  MODIFY `ID` int(11) NOT NULL AUTO_INCREMENT, AUTO_INCREMENT=11;
COMMIT;

/*!40101 SET CHARACTER_SET_CLIENT=@OLD_CHARACTER_SET_CLIENT */;
/*!40101 SET CHARACTER_SET_RESULTS=@OLD_CHARACTER_SET_RESULTS */;
/*!40101 SET COLLATION_CONNECTION=@OLD_COLLATION_CONNECTION */;
